<?xml version="1.0" encoding="UTF-8"?>
<lint>
    <!-- Disable specific lint checks -->
    <issue id="ObsoleteLintCustomCheck" severity="warning" />

    <!-- Ensure accessibility -->
    <issue id="ContentDescription" severity="warning" />

    <!-- Check for hardcoded strings -->
    <issue id="HardcodedText" severity="warning" />

    <!-- Check for unused resources -->
    <issue id="UnusedResources" severity="informational" />

    <!-- Check for deprecated API usage -->
    <issue id="Deprecated" severity="warning" />

    <!-- RTL support -->
    <issue id="RtlHardcoded" severity="warning" />
    <issue id="RtlEnabled" severity="warning" />

    <!-- Security checks -->
    <issue id="HardcodedDebugMode" severity="error" />
    <issue id="AllowBackup" severity="informational" />
</lint>
